{"parameters/tcn.network.0.conv1.bias": {"_type": "histogram", "values": [1.0, 0.0, 0.0, 0.0, 0.0, 0.0, 0.0, 0.0, 0.0, 0.0, 0.0, 0.0, 0.0, 0.0, 0.0, 0.0, 0.0, 0.0, 0.0, 0.0, 0.0, 0.0, 0.0, 0.0, 0.0, 0.0, 1.0, 0.0, 1.0, 0.0, 0.0, 0.0, 0.0, 0.0, 0.0, 0.0, 0.0, 3.0, 0.0, 0.0, 1.0, 1.0, 0.0, 2.0, 1.0, 0.0, 0.0, 0.0, 2.0, 1.0, 0.0, 3.0, 0.0, 1.0, 2.0, 1.0, 1.0, 2.0, 2.0, 0.0, 0.0, 0.0, 0.0, 19.0], "bins": [-0.16019147634506226, -0.15768848359584808, -0.1551854908466339, -0.15268249809741974, -0.15017950534820557, -0.1476765125989914, -0.14517351984977722, -0.14267054200172424, -0.14016753435134888, -0.1376645416021347, -0.13516154885292053, -0.13265855610370636, -0.1301555633544922, -0.12765257060527802, -0.12514957785606384, -0.12264659255743027, -0.12014360725879669, -0.11764061450958252, -0.11513762176036835, -0.11263462901115417, -0.11013163626194, -0.10762865096330643, -0.10512565821409225, -0.10262266546487808, -0.10011967271566391, -0.09761667996644974, -0.09511368721723557, -0.09261069446802139, -0.09010770916938782, -0.08760471642017365, -0.08510172367095947, -0.0825987309217453, -0.08009573817253113, -0.07759274542331696, -0.07508975267410278, -0.07258675992488861, -0.07008376717567444, -0.06758078187704086, -0.06507778912782669, -0.06257479637861252, -0.060071803629398346, -0.057568810880184174, -0.05506581813097, -0.05256282910704613, -0.050059836357831955, -0.04755684360861778, -0.04505385458469391, -0.042550861835479736, -0.040047869086265564, -0.03754487633705139, -0.03504188358783722, -0.032538894563913345, -0.030035901814699173, -0.027532909065485, -0.025029918178915977, -0.022526927292346954, -0.020023934543132782, -0.01752094179391861, -0.015017950907349586, -0.012514959089457989, -0.010011967271566391, -0.007508975453674793, -0.0050059836357831955, -0.0025029927492141724, 1.086914737900846e-12]}, "_timestamp": 1647617682, "_runtime": 1679, "parameters/tcn.network.0.conv1.weight_g": {"_type": "histogram", "values": [1.0, 5.0, 9.0, 4.0, 1.0, 5.0, 0.0, 3.0, 1.0, 5.0, 0.0, 0.0, 0.0, 0.0, 0.0, 2.0, 1.0, 0.0, 1.0, 0.0, 0.0, 0.0, 0.0, 0.0, 0.0, 0.0, 0.0, 0.0, 0.0, 0.0, 0.0, 0.0, 0.0, 0.0, 0.0, 0.0, 0.0, 2.0, 0.0, 0.0, 0.0, 0.0, 0.0, 0.0, 2.0, 0.0, 1.0, 1.0, 0.0, 0.0, 0.0, 0.0, 0.0, 0.0, 0.0, 0.0, 0.0, 0.0, 0.0, 0.0, 0.0, 0.0, 0.0, 1.0], "bins": [0.0016609610756859183, 0.009548031724989414, 0.01743510365486145, 0.02532217465341091, 0.03320924565196037, 0.041096318513154984, 0.048983387649059296, 0.05687045678496361, 0.06475752592086792, 0.07264459878206253, 0.08053167164325714, 0.08841873705387115, 0.09630580991506577, 0.10419288277626038, 0.11207994818687439, 0.119967021048069, 0.1278540939092636, 0.13574115931987762, 0.14362823963165283, 0.15151530504226685, 0.15940237045288086, 0.16728945076465607, 0.17517651617527008, 0.1830635964870453, 0.1909506618976593, 0.19883772730827332, 0.20672480762004852, 0.21461187303066254, 0.22249895334243774, 0.23038601875305176, 0.23827308416366577, 0.24616014957427979, 0.2540472149848938, 0.2619342803955078, 0.2698213458061218, 0.2777084410190582, 0.28559550642967224, 0.29348257184028625, 0.30136963725090027, 0.3092567026615143, 0.3171437978744507, 0.3250308632850647, 0.3329179286956787, 0.3408050239086151, 0.3486920893192291, 0.35657915472984314, 0.36446622014045715, 0.37235328555107117, 0.3802403509616852, 0.3881274163722992, 0.3960144817829132, 0.4039015769958496, 0.4117886424064636, 0.41967570781707764, 0.42756277322769165, 0.43544983863830566, 0.4433369040489197, 0.4512239694595337, 0.4591110348701477, 0.4669981300830841, 0.4748851954936981, 0.48277226090431213, 0.49065932631492615, 0.49854639172554016, 0.5064334869384766]}, "parameters/tcn.network.0.conv1.weight_v": {"_type": "histogram", "values": [2.0, 0.0, 0.0, 0.0, 0.0, 1.0, 0.0, 2.0, 1.0, 1.0, 1.0, 1.0, 4.0, 0.0, 1.0, 3.0, 0.0, 2.0, 2.0, 1.0, 1.0, 2.0, 1.0, 4.0, 7.0, 9.0, 19.0, 24.0, 37.0, 67.0, 89.0, 83.0, 435.0, 41.0, 30.0, 19.0, 9.0, 9.0, 4.0, 5.0, 3.0, 2.0, 3.0, 4.0, 3.0, 0.0, 1.0, 1.0, 2.0, 4.0, 0.0, 0.0, 1.0, 0.0, 1.0, 1.0, 0.0, 0.0, 0.0, 0.0, 0.0, 1.0, 0.0, 1.0], "bins": [-0.1960635781288147, -0.1900668740272522, -0.1840701699256897, -0.1780734658241272, -0.1720767617225647, -0.1660800576210022, -0.1600833535194397, -0.1540866494178772, -0.1480899453163147, -0.1420932412147522, -0.1360965371131897, -0.1300998330116272, -0.1241031289100647, -0.1181064248085022, -0.1121097281575203, -0.1061130240559578, -0.10011632740497589, -0.09411962330341339, -0.08812291920185089, -0.08212621510028839, -0.07612951099872589, -0.07013280689716339, -0.06413611024618149, -0.05813940614461899, -0.052142709493637085, -0.046146005392074585, -0.040149301290512085, -0.03415260091423988, -0.028155896812677383, -0.022159192711114883, -0.016162492334842682, -0.010165788233280182, -0.004169091582298279, 0.0018276115879416466, 0.007824314758181572, 0.013821016997098923, 0.019817721098661423, 0.025814425200223923, 0.031811125576496124, 0.037807829678058624, 0.04380454123020172, 0.04980124533176422, 0.05579794943332672, 0.06179464980959892, 0.06779135763645172, 0.07378806173801422, 0.07978475838899612, 0.08578146249055862, 0.09177815914154053, 0.09777486324310303, 0.10377156734466553, 0.10976827144622803, 0.11576497554779053, 0.12176167964935303, 0.12775838375091553, 0.13375508785247803, 0.13975179195404053, 0.14574849605560303, 0.15174520015716553, 0.15774190425872803, 0.16373860836029053, 0.16973531246185303, 0.17573201656341553, 0.18172872066497803, 0.18772540986537933]}, "gradients/tcn.network.0.conv1.bias": {"_type": "histogram", "values": [0.0, 0.0, 0.0, 0.0, 0.0, 0.0, 0.0, 0.0, 0.0, 0.0, 0.0, 0.0, 0.0, 0.0, 0.0, 0.0, 0.0, 0.0, 0.0, 0.0, 0.0, 0.0, 0.0, 0.0, 0.0, 0.0, 0.0, 0.0, 0.0, 0.0, 0.0, 0.0, 45.0, 0.0, 0.0, 0.0, 0.0, 0.0, 0.0, 0.0, 0.0, 0.0, 0.0, 0.0, 0.0, 0.0, 0.0, 0.0, 0.0, 0.0, 0.0, 0.0, 0.0, 0.0, 0.0, 0.0, 0.0, 0.0, 0.0, 0.0, 0.0, 0.0, 0.0, 0.0], "bins": [0.0, 0.0, 0.0, 0.0, 0.0, 0.0, 0.0, 0.0, 0.0, 0.0, 0.0, 0.0, 0.0, 0.0, 0.0, 0.0, 0.0, 0.0, 0.0, 0.0, 0.0, 0.0, 0.0, 0.0, 0.0, 0.0, 0.0, 0.0, 0.0, 0.0, 0.0, 0.0, 0.0, 0.0, 0.0, 0.0, 0.0, 0.0, 0.0, 0.0, 0.0, 0.0, 0.0, 0.0, 0.0, 0.0, 0.0, 0.0, 0.0, 0.0, 0.0, 0.0, 0.0, 0.0, 0.0, 0.0, 0.0, 0.0, 0.0, 0.0, 0.0, 0.0, 0.0, 0.0, 0.0]}, "gradients/tcn.network.0.conv1.weight_g": {"_type": "histogram", "values": [0.0, 0.0, 0.0, 0.0, 0.0, 0.0, 0.0, 0.0, 0.0, 0.0, 0.0, 0.0, 0.0, 0.0, 0.0, 0.0, 0.0, 0.0, 0.0, 0.0, 0.0, 0.0, 0.0, 0.0, 0.0, 0.0, 0.0, 0.0, 0.0, 0.0, 0.0, 0.0, 45.0, 0.0, 0.0, 0.0, 0.0, 0.0, 0.0, 0.0, 0.0, 0.0, 0.0, 0.0, 0.0, 0.0, 0.0, 0.0, 0.0, 0.0, 0.0, 0.0, 0.0, 0.0, 0.0, 0.0, 0.0, 0.0, 0.0, 0.0, 0.0, 0.0, 0.0, 0.0], "bins": [0.0, 0.0, 0.0, 0.0, 0.0, 0.0, 0.0, 0.0, 0.0, 0.0, 0.0, 0.0, 0.0, 0.0, 0.0, 0.0, 0.0, 0.0, 0.0, 0.0, 0.0, 0.0, 0.0, 0.0, 0.0, 0.0, 0.0, 0.0, 0.0, 0.0, 0.0, 0.0, 0.0, 0.0, 0.0, 0.0, 0.0, 0.0, 0.0, 0.0, 0.0, 0.0, 0.0, 0.0, 0.0, 0.0, 0.0, 0.0, 0.0, 0.0, 0.0, 0.0, 0.0, 0.0, 0.0, 0.0, 0.0, 0.0, 0.0, 0.0, 0.0, 0.0, 0.0, 0.0, 0.0]}, "gradients/tcn.network.0.conv1.weight_v": {"_type": "histogram", "values": [0.0, 0.0, 0.0, 0.0, 0.0, 0.0, 0.0, 0.0, 0.0, 0.0, 0.0, 0.0, 0.0, 0.0, 0.0, 0.0, 0.0, 0.0, 0.0, 0.0, 0.0, 0.0, 0.0, 0.0, 0.0, 0.0, 0.0, 0.0, 0.0, 0.0, 0.0, 0.0, 945.0, 0.0, 0.0, 0.0, 0.0, 0.0, 0.0, 0.0, 0.0, 0.0, 0.0, 0.0, 0.0, 0.0, 0.0, 0.0, 0.0, 0.0, 0.0, 0.0, 0.0, 0.0, 0.0, 0.0, 0.0, 0.0, 0.0, 0.0, 0.0, 0.0, 0.0, 0.0], "bins": [0.0, 0.0, 0.0, 0.0, 0.0, 0.0, 0.0, 0.0, 0.0, 0.0, 0.0, 0.0, 0.0, 0.0, 0.0, 0.0, 0.0, 0.0, 0.0, 0.0, 0.0, 0.0, 0.0, 0.0, 0.0, 0.0, 0.0, 0.0, 0.0, 0.0, 0.0, 0.0, 0.0, 0.0, 0.0, 0.0, 0.0, 0.0, 0.0, 0.0, 0.0, 0.0, 0.0, 0.0, 0.0, 0.0, 0.0, 0.0, 0.0, 0.0, 0.0, 0.0, 0.0, 0.0, 0.0, 0.0, 0.0, 0.0, 0.0, 0.0, 0.0, 0.0, 0.0, 0.0, 0.0]}, "_step": 0, "_wandb": {"runtime": 1254}}